platform,term,observed_meaning,normalize_to,term_type,notes
小红书,闭眼入,"low-risk recommendation / trusted enough to buy without much checking",低风险信任,slang,"Check whether it is genuine trust or copied seeding language"
小红书,种草,"being influenced or persuaded by content",内容影响,slang,"Can be positive, skeptical, or ironic"
小红书,拔草,"deciding not to buy after research or bad experience",放弃购买,slang,"Often useful for barrier analysis"
天猫,回购,"repeat purchase",复购行为,behavior,"Strong signal when tied to product reason"
抖音,上头,"strong immediate attraction or addictive interest",即时吸引,slang,"Can indicate appeal without durable trust"
B站,避雷,"warning others to avoid a product or claim",风险提醒,slang,"Map to barrier or risk depending on quote"
通用,PUA,"pressure, guilt, or manipulation in communication",压力沟通,slang,"Use carefully; often marks anti-pressure sentiment"

小红书/天猫,建立耐受,gradual adaptation ritual for retinol-class products; core purchase concern,渐进适应流程,slang,2026-07 珀莱雅语料：『请教下你怎么建立耐受的』『刚开始用要先建立耐受』
小红书,早C晚A,morning antioxidant + night retinol routine; Proya-associated category formula,早抗氧化晚抗老流程,slang,『18岁用早c晚a合适吗』『早c晚a真实测评』(搜索联想)
小红书,踩雷,personal bad-purchase experience (vs 避雷 = warning others),购买失误经历,slang,『用了3天脸很糙很干巴 搞得我不敢用』
小红书,空瓶,finished the whole bottle = strongest authentic endorsement,用完整瓶的真实背书,slang,『【空瓶】人生第一瓶红宝石精华』
小红书,反黑,worry that daytime actives cause pigmentation,光敏色沉顾虑,slang,『白天用会反黑吗』；变体：返黑
小红书,返斑,pigmentation rebound after irritation; heavier damage word than 反黑,刺激后色斑反弹,slang,『我用a返斑严重，现在该咋办』
小红书,闭口,closed comedones; common compatibility check,闭合性粉刺,slang,『额头上有闭口能用吗』『闭口好多呢』
天猫,搓泥,product pilling when layered; texture failure signal,叠涂起屑,slang,『用完皮肤很水润，不会搓泥』
小红书,城墙皮,self-described highly tolerant skin type,高耐受肤质自称,slang,『我一个城墙皮 用红宝石怎么过渡都不耐受』
小红书,烂脸,severe adverse skin reaction; strongest negative word,严重刺激反应,slang,『烂脸元凶，珀莱雅双抗拔草』
小红书,红黑榜,good/bad list within one brand; review format,品牌内优劣分级测评,slang,『珀莱雅红黑榜｜先骂后夸』
小红书,卷浓度,ingredient-concentration arms race and fatigue with it,成分浓度竞赛,slang,『高效护肤一定要卷浓度吗？』(1.2万赞)；同族：堆料
