canonical_term,variant,term_type,tension_domain,notes
安心,放心,emotion,belonging,"Merge trust/safety variants only when context supports it"
安心,安全感,emotion,belonging,"Use raw quote to decide whether this means safety, trust, or low risk"
松弛,放松,motive,life_design,"May indicate rest, permission, or low pressure depending on context"
怕踩雷,怕买错,motive,life_design,"Low-risk purchase anxiety"
被理解,懂我,motive,belonging,"Feeling understood or seen"

回购,复购,behavior,life_design,repeat purchase; 2026-07 珀莱雅语料
回购,年年复购,behavior,life_design,『红宝石精华老演员了，年年用，年年复购』
回购,用完来回购,behavior,life_design,天猫评价高频句式
性价比,价格亲民,value,life_design,『敢堆高浓度贵价优质原料以价格亲民』
性价比,价位大众,value,life_design,『价位大众都可接受』
性价比,价格划算,value,life_design,天猫筛选标签『价格划算23』
性价比,价格实惠,value,life_design,天猫评价
正品,是正品,trust,belonging,『产品质量很好，是正品』
正品,防伪可查,trust,belonging,淘宝商品卡标签
不耐受,脱皮,body_reaction,self_identity,『用水杨酸+A 现在脱皮了』
不耐受,泛红,body_reaction,self_identity,『早上洗脸的时候搓脸脸会红』
不耐受,脸红肿,body_reaction,self_identity,『我用了这个现在脸红肿』
囤货,多囤一些,behavior,life_design,『这次活动力度挺大的，多囤一些』
囤货,入手2套,behavior,life_design,『直接入手2套双抗精华和红宝石精华』
避雷,慎用,warning,life_design,『珀莱雅双抗水乳…慎用』
避雷,别买,warning,life_design,『质感很差，别买了』
